name,Id,親カテ,子カテ,ancestry,size_id
レディース,1,1,,,
トップス,2,1,2,1,
Tシャツ/カットソー(半袖/袖なし),3,1,2,1/2,1
Tシャツ/カットソー(七分/長袖),4,1,2,1/2,1
シャツ/ブラウス(半袖/袖なし),5,1,2,1/2,1
シャツ/ブラウス(七分/長袖),6,1,2,1/2,1
ポロシャツ,7,1,2,1/2,1
キャミソール,8,1,2,1/2,1
タンクトップ,9,1,2,1/2,1
ホルターネック,10,1,2,1/2,1
ニット/セーター,11,1,2,1/2,1
チュニック,12,1,2,1/2,1
カーディガン/ボレロ,13,1,2,1/2,1
アンサンブル,14,1,2,1/2,1
ベスト/ジレ,15,1,2,1/2,1
パーカー,16,1,2,1/2,1
トレーナー/スウェット,17,1,2,1/2,1
ベアトップ/チューブトップ,18,1,2,1/2,1
ジャージ,19,1,2,1/2,1
その他,20,1,2,1/2,1
ジャケット/アウター,21,1,21,1,
テーラードジャケット,22,1,21,1/21,1
ノーカラージャケット,23,1,21,1/21,1
Gジャン/デニムジャケット,24,1,21,1/21,1
レザージャケット,25,1,21,1/21,1
ダウンジャケット,26,1,21,1/21,1
ライダースジャケット,27,1,21,1/21,1
ミリタリージャケット,28,1,21,1/21,1
ダウンベスト,29,1,21,1/21,1
ジャンパー/ブルゾン,30,1,21,1/21,1
ポンチョ,31,1,21,1/21,1
ロングコート,32,1,21,1/21,1
トレンチコート,33,1,21,1/21,1
ダッフルコート,34,1,21,1/21,1
ピーコート,35,1,21,1/21,1
チェスターコート,36,1,21,1/21,1
モッズコート,37,1,21,1/21,1
スタジャン,38,1,21,1/21,1
毛皮/ファーコート,39,1,21,1/21,1
スプリングコート,40,1,21,1/21,1
スカジャン,41,1,21,1/21,1
その他,42,1,21,1/21,1
パンツ,43,1,43,1,
デニム/ジーンズ,44,1,43,1/43,1
ショートパンツ,45,1,43,1/43,1
カジュアルパンツ,46,1,43,1/43,1
ハーフパンツ,47,1,43,1/43,1
チノパン,48,1,43,1/43,1
ワークパンツ/カーゴパンツ,49,1,43,1/43,1
クロップドパンツ,50,1,43,1/43,1
サロペット/オーバーオール,51,1,43,1/43,1
オールインワン,52,1,43,1/43,1
サルエルパンツ,53,1,43,1/43,1
ガウチョパンツ,54,1,43,1/43,1
その他,55,1,43,1/43,1
スカート,56,1,56,1,
ミニスカート,57,1,56,1/56,46
ひざ丈スカート,58,1,56,1/56,46
ロングスカート,59,1,56,1/56,46
キュロット,60,1,56,1/56,46
その他,61,1,56,1/56,46
ワンピース,62,1,62,1,
ミニワンピース,63,1,62,1/62,46
ひざ丈ワンピース,64,1,62,1/62,46
ロングワンピース,65,1,62,1/62,46
その他,66,1,62,1/62,46
靴,67,1,67,1,
ハイヒール/パンプス,68,1,67,1/67,29
ブーツ,69,1,67,1/67,29
サンダル,70,1,67,1/67,29
スニーカー,71,1,67,1/67,29
ミュール,72,1,67,1/67,29
モカシン,73,1,67,1/67,29
ローファー/革靴,74,1,67,1/67,29
フラットシューズ/バレエシューズ,75,1,67,1/67,29
長靴/レインシューズ,76,1,67,1/67,29
その他,77,1,67,1/67,29
ルームウェア/パジャマ,78,1,78,1,
パジャマ,79,1,78,1/78,1
ルームウェア,80,1,78,1/78,1
レッグウェア,81,1,81,1,1
ソックス,82,1,81,1/81,1
スパッツ/レギンス,83,1,81,1/81,1
ストッキング/タイツ,84,1,81,1/81,1
レッグウォーマー,85,1,81,1/81,1
その他,86,1,81,1/81,1
帽子,87,1,87,1,
ニットキャップ/ビーニー,88,1,87,1/87,
ハット,89,1,87,1/87,
ハンチング/ベレー帽,90,1,87,1/87,
キャップ,91,1,87,1/87,
キャスケット,92,1,87,1/87,
麦わら帽子,93,1,87,1/87,
その他,94,1,87,1/87,
バッグ,95,1,95,1,
ハンドバッグ,96,1,95,1/95,
トートバッグ,97,1,95,1/95,
エコバッグ,98,1,95,1/95,
リュック/バックパック,99,1,95,1/95,
ボストンバッグ,100,1,95,1/95,
スポーツバッグ,101,1,95,1/95,
ショルダーバッグ,102,1,95,1/95,
クラッチバッグ,103,1,95,1/95,
ポーチ/バニティ,104,1,95,1/95,
ボディバッグ/ウェストバッグ,105,1,95,1/95,
マザーズバッグ,106,1,95,1/95,
メッセンジャーバッグ,107,1,95,1/95,
ビジネスバッグ,108,1,95,1/95,
旅行用バッグ/キャリーバッグ,109,1,95,1/95,
ショップ袋,110,1,95,1/95,
和装用バッグ,111,1,95,1/95,
かごバッグ,112,1,95,1/95,
その他,113,1,95,1/95,
アクセサリー,114,1,114,1,
ネックレス,115,1,114,1/114,
ブレスレット,116,1,114,1/114,
バングル/リストバンド,117,1,114,1/114,
リング,118,1,114,1/114,
ピアス(片耳用),119,1,114,1/114,
ピアス(両耳用),120,1,114,1/114,
イヤリング,121,1,114,1/114,
アンクレット,122,1,114,1/114,
ブローチ/コサージュ,123,1,114,1/114,
チャーム,124,1,114,1/114,
その他,125,1,114,1/114,
ヘアアクセサリー,126,1,126,1,
ヘアゴム/シュシュ,127,1,126,1/126,
ヘアバンド/カチューシャ,128,1,126,1/126,
ヘアピン,129,1,126,1/126,
その他,130,1,126,1/126,
小物,131,1,131,1,
長財布,132,1,131,1/131,
折り財布,133,1,131,1/131,
コインケース/小銭入れ,134,1,131,1/131,
名刺入れ/定期入れ,135,1,131,1/131,
キーケース,136,1,131,1/131,
キーホルダー,137,1,131,1/131,
手袋/アームカバー,138,1,131,1/131,
ハンカチ,139,1,131,1/131,
ベルト,140,1,131,1/131,
マフラー/ショール,141,1,131,1/131,
ストール/スヌード,142,1,131,1/131,
バンダナ/スカーフ,143,1,131,1/131,
ネックウォーマー,144,1,131,1/131,
サスペンダー,145,1,131,1/131,
サングラス/メガネ,146,1,131,1/131,
モバイルケース/カバー,147,1,131,1/131,
手帳,148,1,131,1/131,
イヤマフラー,149,1,131,1/131,
傘,150,1,131,1/131,
レインコート/ポンチョ,151,1,131,1/131,
ミラー,152,1,131,1/131,
タバコグッズ,153,1,131,1/131,
その他,154,1,131,1/131,
時計,155,1,155,1,
腕時計(アナログ),156,1,155,1/155,
腕時計(デジタル),157,1,155,1/155,
ラバーベルト,158,1,155,1/155,
レザーベルト,159,1,155,1/155,
金属ベルト,160,1,155,1/155,
その他,161,1,155,1/155,
ウィッグ/エクステ,162,1,162,1,
前髪ウィッグ,163,1,162,1/162,
ロングストレート,164,1,162,1/162,
ロングカール,165,1,162,1/162,
ショートストレート,166,1,162,1/162,
ショートカール,167,1,162,1/162,
その他,168,1,162,1/162,
浴衣/水着,169,1,169,1,
浴衣,170,1,169,1/169,
着物,171,1,169,1/169,
振袖,172,1,169,1/169,
長襦袢/半襦袢,173,1,169,1/169,
水着セパレート,174,1,169,1/169,1
水着ワンピース,175,1,169,1/169,1
水着スポーツ用,176,1,169,1/169,1
その他,177,1,169,1/169,
スーツ/フォーマル/ドレス,178,1,178,1,1
スカートスーツ上下,179,1,178,1/178,1
パンツスーツ上下,180,1,178,1/178,1
ドレス,181,1,178,1/178,1
パーティーバッグ,182,1,178,1/178,
シューズ,183,1,178,1/178,29
ウェディング,184,1,178,1/178,1
その他,185,1,178,1/178,
マタニティ,186,1,186,1,
トップス,187,1,186,1/186,1
アウター,188,1,186,1/186,1
インナー,189,1,186,1/186,1
ワンピース,190,1,186,1/186,1
パンツ/スパッツ,191,1,186,1/186,1
スカート,192,1,186,1/186,1
パジャマ,193,1,186,1/186,1
授乳服,194,1,186,1/186,1
その他,195,1,186,1/186,
その他,196,1,196,1,
コスプレ,197,1,196,1/196,
下着,198,1,196,1/196,
その他,199,1,196,1/196,
メンズ,200,200,,,
トップス,201,200,201,200,1
Tシャツ/カットソー(半袖/袖なし),202,200,201,200/201,1
Tシャツ/カットソー(七分/長袖),203,200,201,200/201,1
シャツ,204,200,201,200/201,1
ポロシャツ,205,200,201,200/201,1
タンクトップ,206,200,201,200/201,1
ニット/セーター,207,200,201,200/201,1
パーカー,208,200,201,200/201,1
カーディガン,209,200,201,200/201,1
スウェット,210,200,201,200/201,1
ジャージ,211,200,201,200/201,1
ベスト,212,200,201,200/201,1
その他,213,200,201,200/201,
ジャケット/アウター,214,200,214,200,1
テーラードジャケット,215,200,214,200/214,1
ノーカラージャケット,216,200,214,200/214,1
Gジャン/デニムジャケット,217,200,214,200/214,1
レザージャケット,218,200,214,200/214,1
ダウンジャケット,219,200,214,200/214,1
ライダースジャケット,220,200,214,200/214,1
ミリタリージャケット,221,200,214,200/214,1
ナイロンジャケット,222,200,214,200/214,1
フライトジャケット,223,200,214,200/214,1
ダッフルコート,224,200,214,200/214,1
ピーコート,225,200,214,200/214,1
ステンカラーコート,226,200,214,200/214,1
トレンチコート,227,200,214,200/214,1
モッズコート,228,200,214,200/214,1
チェスターコート,229,200,214,200/214,1
スタジャン,230,200,214,200/214,1
スカジャン,231,200,214,200/214,1
ブルゾン,232,200,214,200/214,1
マウンテンパーカー,233,200,214,200/214,1
ダウンベスト,234,200,214,200/214,1
ポンチョ,235,200,214,200/214,1
カバーオール,236,200,214,200/214,1
その他,237,200,214,200/214,
パンツ,238,200,238,200,1
デニム/ジーンズ,239,200,238,200/238,1
ワークパンツ/カーゴパンツ,240,200,238,200/238,1
スラックス,241,200,238,200/238,1
チノパン,242,200,238,200/238,1
ショートパンツ,243,200,238,200/238,1
ペインターパンツ,244,200,238,200/238,1
サルエルパンツ,245,200,238,200/238,1
オーバーオール,246,200,238,200/238,1
その他,247,200,238,200/238,1
靴,248,200,248,200,
スニーカー,249,200,248,200/248,12
サンダル,250,200,248,200/248,12
ブーツ,251,200,248,200/248,12
モカシン,252,200,248,200/248,12
ドレス/ビジネス,253,200,248,200/248,12
長靴/レインシューズ,254,200,248,200/248,12
デッキシューズ,255,200,248,200/248,12
その他,256,200,248,200/248,12
バッグ,257,200,257,200,
ショルダーバッグ,258,200,257,200/257,
トートバッグ,259,200,257,200/257,
ボストンバッグ,260,200,257,200/257,
リュック/バックパック,261,200,257,200/257,
ウエストポーチ,262,200,257,200/257,
ボディーバッグ,263,200,257,200/257,
ドラムバッグ,264,200,257,200/257,
ビジネスバッグ,265,200,257,200/257,
トラベルバッグ,266,200,257,200/257,
メッセンジャーバッグ,267,200,257,200/257,
エコバッグ,268,200,257,200/257,
その他,269,200,257,200/257,
スーツ,270,200,270,200,1
スーツジャケット,271,200,270,200/270,1
スーツベスト,272,200,270,200/270,1
スラックス,273,200,270,200/270,1
セットアップ,274,200,270,200/270,1
その他,275,200,270,200/270,
帽子,276,200,276,200,
キャップ,277,200,276,200/276,
ハット,278,200,276,200/276,
ニットキャップ/ビーニー,279,200,276,200/276,
ハンチング/ベレー帽,280,200,276,200/276,
キャスケット,281,200,276,200/276,
サンバイザー,282,200,276,200/276,
その他,283,200,276,200/276,
アクセサリー,284,200,284,200,
ネックレス,285,200,284,200/284,
ブレスレット,286,200,284,200/284,
バングル/リストバンド,287,200,284,200/284,
リング,288,200,284,200/284,
ピアス(片耳用),289,200,284,200/284,
ピアス(両耳用),290,200,284,200/284,
アンクレット,291,200,284,200/284,
その他,292,200,284,200/284,
小物,293,200,293,200,
長財布,294,200,293,200/293,
折り財布,295,200,293,200/293,
マネークリップ,296,200,293,200/293,
コインケース/小銭入れ,297,200,293,200/293,
名刺入れ/定期入れ,298,200,293,200/293,
キーケース,299,200,293,200/293,
キーホルダー,300,200,293,200/293,
ネクタイ,301,200,293,200/293,
手袋,302,200,293,200/293,
ハンカチ,303,200,293,200/293,
ベルト,304,200,293,200/293,
マフラー,305,200,293,200/293,
ストール,306,200,293,200/293,
バンダナ,307,200,293,200/293,
ネックウォーマー,308,200,293,200/293,
サスペンダー,309,200,293,200/293,
ウォレットチェーン,310,200,293,200/293,
サングラス/メガネ,311,200,293,200/293,
モバイルケース/カバー,312,200,293,200/293,
手帳,313,200,293,200/293,
ストラップ,314,200,293,200/293,
ネクタイピン,315,200,293,200/293,
カフリンクス,316,200,293,200/293,
イヤマフラー,317,200,293,200/293,
傘,318,200,293,200/293,
レインコート,319,200,293,200/293,
ミラー,320,200,293,200/293,
タバコグッズ,321,200,293,200/293,
その他,322,200,293,200/293,
時計,323,200,323,200,
腕時計(アナログ),324,200,323,200/323,
腕時計(デジタル),325,200,323,200/323,
ラバーベルト,326,200,323,200/323,
レザーベルト,327,200,323,200/323,
金属ベルト,328,200,323,200/323,
その他,329,200,323,200/323,
水着,330,200,330,200,
一般水着,331,200,330,200/330,1
スポーツ用,332,200,330,200/330,1
アクセサリー,333,200,330,200/330,
その他,334,200,330,200/330,
レッグウェア,335,200,335,200,
ソックス,336,200,335,200/335,
レギンス/スパッツ,337,200,335,200/335,
レッグウォーマー,338,200,335,200/335,
その他,339,200,335,200/335,
アンダーウェア,340,200,340,200,
トランクス,341,200,340,200/340,1
ボクサーパンツ,342,200,340,200/340,1
その他,343,200,340,200/340,
その他,344,200,344,200,
ベビー・キッズ,345,345,,,
ベビー服(女の子用)~95cm,346,345,346,345,
トップス,347,345,346,345/346,69
アウター,348,345,346,345/346,69
パンツ,349,345,346,345/346,69
スカート,350,345,346,345/346,69
ワンピース,351,345,346,345/346,69
ベビードレス,352,345,346,345/346,69
おくるみ,353,345,346,345/346,69
下着/肌着,354,345,346,345/346,69
パジャマ,355,345,346,345/346,69
ロンパース,356,345,346,345/346,69
その他,357,345,346,345/346,69
ベビー服(男の子用)~95cm,358,345,358,345,
トップス,359,345,358,345/358,69
アウター,360,345,358,345/358,69
パンツ,361,345,358,345/358,69
おくるみ,362,345,358,345/358,69
下着/肌着,363,345,358,345/358,69
パジャマ,364,345,358,345/358,69
ロンパース,365,345,358,345/358,69
その他,366,345,358,345/358,69
ベビー服(男女兼用)~95cm,367,345,367,345,
トップス,368,345,367,345/367,69
アウター,369,345,367,345/367,69
パンツ,370,345,367,345/367,69
おくるみ,371,345,367,345/367,69
下着/肌着,372,345,367,345/367,69
パジャマ,373,345,367,345/367,69
ロンパース,374,345,367,345/367,69
その他,375,345,367,345/367,69
キッズ服(女の子用)100cm~,376,345,376,345,
コート,377,345,376,345/376,52
ジャケット/上着,378,345,376,345/376,52
トップス(Tシャツ/カットソー),379,345,376,345/376,52
トップス(トレーナー),380,345,376,345/376,52
トップス(チュニック),381,345,376,345/376,52
トップス(タンクトップ),382,345,376,345/376,52
トップス(その他),383,345,376,345/376,52
スカート,384,345,376,345/376,52
パンツ,385,345,376,345/376,52
ワンピース,386,345,376,345/376,52
セットアップ,387,345,376,345/376,52
パジャマ,388,345,376,345/376,52
フォーマル/ドレス,389,345,376,345/376,52
和服,390,345,376,345/376,52
浴衣,391,345,376,345/376,52
甚平,392,345,376,345/376,52
水着,393,345,376,345/376,52
その他,394,345,376,345/376,52
キッズ服(男の子用)100cm~,395,345,395,345,
コート,396,345,395,345/395,52
ジャケット/上着,397,345,395,345/395,52
トップス(Tシャツ/カットソー),398,345,395,345/395,52
トップス(トレーナー),399,345,395,345/395,52
トップス(その他),400,345,395,345/395,52
パンツ,401,345,395,345/395,52
セットアップ,402,345,395,345/395,52
パジャマ,403,345,395,345/395,52
フォーマル/ドレス,404,345,395,345/395,52
和服,405,345,395,345/395,52
浴衣,406,345,395,345/395,52
甚平,407,345,395,345/395,52
水着,408,345,395,345/395,52
その他,409,345,395,345/395,52
キッズ服(男女兼用)100cm~,410,345,410,345,
コート,411,345,410,345/410,52
ジャケット/上着,412,345,410,345/410,52
トップス(Tシャツ/カットソー),413,345,410,345/410,52
トップス(トレーナー),414,345,410,345/410,52
トップス(その他),415,345,410,345/410,52
ボトムス,416,345,410,345/410,52
パジャマ,417,345,410,345/410,52
その他,418,345,410,345/410,52
キッズ靴,419,345,419,345,
スニーカー,420,345,419,345/419,60
サンダル,421,345,419,345/419,60
ブーツ,422,345,419,345/419,60
長靴,423,345,419,345/419,60
その他,424,345,419,345/419,60
子ども用ファッション小物,425,345,425,345,
靴下/スパッツ,426,345,425,345/425,
帽子,427,345,425,345/425,
エプロン,428,345,425,345/425,
サスペンダー,429,345,425,345/425,
タイツ,430,345,425,345/425,
ハンカチ,431,345,425,345/425,
バンダナ,432,345,425,345/425,
ベルト,433,345,425,345/425,
マフラー,434,345,425,345/425,
傘,435,345,425,345/425,
手袋,436,345,425,345/425,
スタイ,437,345,425,345/425,
バッグ,438,345,425,345/425,
その他,439,345,425,345/425,
おむつ/トイレ/バス,440,345,440,345,
おむつ用品,441,345,440,345/440,
おまる/補助便座,442,345,440,345/440,
トレーニングパンツ,443,345,440,345/440,
ベビーバス,444,345,440,345/440,
お風呂用品,445,345,440,345/440,
その他,446,345,440,345/440,
外出/移動用品,447,345,447,345,
ベビーカー,448,345,447,345/447,
抱っこひも/スリング,449,345,447,345/447,
チャイルドシート,450,345,447,345/447,
その他,451,345,447,345/447,
授乳/食事,452,345,452,345,
ミルク,453,345,452,345/452,
ベビーフード,454,345,452,345/452,
ベビー用食器,455,345,452,345/452,
その他,456,345,452,345/452,
ベビー家具/寝具/室内用品,457,345,457,345,
ベッド,458,345,457,345/457,
布団/毛布,459,345,457,345/457,
イス,460,345,457,345/457,
たんす,461,345,457,345/457,
その他,462,345,457,345/457,
おもちゃ,463,345,463,345,
おふろのおもちゃ,464,345,463,345/463,
がらがら,465,345,463,345/463,
オルゴール,466,345,463,345/463,
ベビージム,467,345,463,345/463,
手押し車/カタカタ,468,345,463,345/463,
知育玩具,469,345,463,345/463,
その他,470,345,463,345/463,
行事/記念品,471,345,471,345,
お宮参り用品,472,345,471,345/471,
お食い初め用品,473,345,471,345/471,
アルバム,474,345,471,345/471,
手形/足形,475,345,471,345/471,
その他,476,345,471,345/471,
その他,477,345,477,345,
母子手帳用品,478,345,477,345/477,
その他,479,345,477,345/477,
インテリア・住まい・小物,480,480,,,
キッチン/食器,481,480,481,480,
食器,482,480,481,480/481,
調理器具,483,480,481,480/481,
収納/キッチン雑貨,484,480,481,480/481,
弁当用品,485,480,481,480/481,
カトラリー(スプーン等),486,480,481,480/481,
テーブル用品,487,480,481,480/481,
容器,488,480,481,480/481,
エプロン,489,480,481,480/481,
アルコールグッズ,490,480,481,480/481,
浄水機,491,480,481,480/481,
その他,492,480,481,480/481,
ベッド/マットレス,493,480,493,480,
セミシングルベッド,494,480,493,480/493,
シングルベッド,495,480,493,480/493,
セミダブルベッド,496,480,493,480/493,
ダブルベッド,497,480,493,480/493,
ワイドダブルベッド,498,480,493,480/493,
クイーンベッド,499,480,493,480/493,
キングベッド,500,480,493,480/493,
脚付きマットレスベッド,501,480,493,480/493,
マットレス,502,480,493,480/493,
すのこベッド,503,480,493,480/493,
ロフトベッド/システムベッド,504,480,493,480/493,
簡易ベッド/折りたたみベッド,505,480,493,480/493,
収納付き,506,480,493,480/493,
その他,507,480,493,480/493,
ソファ/ソファベッド,508,480,508,480,
ソファセット,509,480,508,480/508,
シングルソファ,510,480,508,480/508,
ラブソファ,511,480,508,480/508,
トリプルソファ,512,480,508,480/508,
オットマン,513,480,508,480/508,
コーナーソファ,514,480,508,480/508,
ビーズソファ/クッションソファ,515,480,508,480/508,
ローソファ/フロアソファ,516,480,508,480/508,
ソファベッド,517,480,508,480/508,
応接セット,518,480,508,480/508,
ソファカバー,519,480,508,480/508,
リクライニングソファ,520,480,508,480/508,
その他,521,480,508,480/508,
椅子/チェア,522,480,522,480,
一般,523,480,522,480/522,
スツール,524,480,522,480/522,
ダイニングチェア,525,480,522,480/522,
ハイバックチェア,526,480,522,480/522,
ロッキングチェア,527,480,522,480/522,
座椅子,528,480,522,480/522,
折り畳みイス,529,480,522,480/522,
デスクチェア,530,480,522,480/522,
その他,531,480,522,480/522,
机/テーブル,532,480,532,480,
こたつ,533,480,532,480/532,
カウンターテーブル,534,480,532,480/532,
サイドテーブル,535,480,532,480/532,
センターテーブル,536,480,532,480/532,
ダイニングテーブル,537,480,532,480/532,
座卓/ちゃぶ台,538,480,532,480/532,
アウトドア用,539,480,532,480/532,
パソコン用,540,480,532,480/532,
事務机/学習机,541,480,532,480/532,
その他,542,480,532,480/532,
収納家具,543,480,543,480,
リビング収納,544,480,543,480/543,
キッチン収納,545,480,543,480/543,
玄関/屋外収納,546,480,543,480/543,
バス/トイレ収納,547,480,543,480/543,
本収納,548,480,543,480/543,
本/CD/DVD収納,549,480,543,480/543,
洋服タンス/押入れ収納,550,480,543,480/543,
電話台/ファックス台,551,480,543,480/543,
ドレッサー/鏡台,552,480,543,480/543,
棚/ラック,553,480,543,480/543,
ケース/ボックス,554,480,543,480/543,
その他,555,480,543,480/543,
ラグ/カーペット/マット,556,480,556,480,
ラグ,557,480,556,480/556,
カーペット,558,480,556,480/556,
ホットカーペット,559,480,556,480/556,
玄関/キッチンマット,560,480,556,480/556,
トイレ/バスマット,561,480,556,480/556,
その他,562,480,556,480/556,
カーテン/ブラインド,563,480,563,480,
カーテン,564,480,563,480/563,
ブラインド,565,480,563,480/563,
ロールスクリーン,566,480,563,480/563,
のれん,567,480,563,480/563,
その他,568,480,563,480/563,
ライト/照明,569,480,569,480,
蛍光灯/電球,570,480,569,480/569,
天井照明,571,480,569,480/569,
フロアスタンド,572,480,569,480/569,
その他,573,480,569,480/569,
寝具,574,480,574,480,
布団/毛布,575,480,574,480/574,
枕,576,480,574,480/574,
シーツ/カバー,577,480,574,480/574,
その他,578,480,574,480/574,
インテリア小物,579,480,579,480,
ごみ箱,580,480,579,480/579,
ウェルカムボード,581,480,579,480/579,
オルゴール,582,480,579,480/579,
クッション,583,480,579,480/579,
クッションカバー,584,480,579,480/579,
スリッパラック,585,480,579,480/579,
ティッシュボックス,586,480,579,480/579,
バスケット/かご,587,480,579,480/579,
フォトフレーム,588,480,579,480/579,
マガジンラック,589,480,579,480/579,
モビール,590,480,579,480/579,
花瓶,591,480,579,480/579,
灰皿,592,480,579,480/579,
傘立て,593,480,579,480/579,
小物入れ,594,480,579,480/579,
置時計,595,480,579,480/579,
掛時計/柱時計,596,480,579,480/579,
鏡(立て掛け式),597,480,579,480/579,
鏡(壁掛け式),598,480,579,480/579,
置物,599,480,579,480/579,
風鈴,600,480,579,480/579,
植物/観葉植物,601,480,579,480/579,
その他,602,480,579,480/579,
季節/年中行事,603,480,603,480,
正月,604,480,603,480/603,
成人式,605,480,603,480/603,
バレンタインデー,606,480,603,480/603,
ひな祭り,607,480,603,480/603,
子どもの日,608,480,603,480/603,
母の日,609,480,603,480/603,
父の日,610,480,603,480/603,
サマーギフト/お中元,611,480,603,480/603,
夏/夏休み,612,480,603,480/603,
ハロウィン,613,480,603,480/603,
敬老の日,614,480,603,480/603,
七五三,615,480,603,480/603,
お歳暮,616,480,603,480/603,
クリスマス,617,480,603,480/603,
冬一般,618,480,603,480/603,
その他,619,480,603,480/603,
その他,620,480,620,480,
本・音楽・ゲーム,621,621,,,
本,622,621,622,621,
文学/小説,623,621,622,621/622,
人文/社会,624,621,622,621/622,
ノンフィクション/教養,625,621,622,621/622,
地図/旅行ガイド,626,621,622,621/622,
ビジネス/経済,627,621,622,621/622,
健康/医学,628,621,622,621/622,
コンピュータ/IT,629,621,622,621/622,
趣味/スポーツ/実用,630,621,622,621/622,
住まい/暮らし/子育て,631,621,622,621/622,
アート/エンタメ,632,621,622,621/622,
洋書,633,621,622,621/622,
絵本,634,621,622,621/622,
参考書,635,621,622,621/622,
その他,636,621,622,621/622,
漫画,637,621,637,621,
全巻セット,638,621,637,621/637,
少年漫画,639,621,637,621/637,
少女漫画,640,621,637,621/637,
青年漫画,641,621,637,621/637,
女性漫画,642,621,637,621/637,
同人誌,643,621,637,621/637,
その他,644,621,637,621/637,
雑誌,645,621,645,621,
アート/エンタメ/ホビー,646,621,645,621/645,
ファッション,647,621,645,621/645,
ニュース/総合,648,621,645,621/645,
趣味/スポーツ,649,621,645,621/645,
その他,650,621,645,621/645,
CD,651,621,651,621,
邦楽,652,621,651,621/651,
洋楽,653,621,651,621/651,
アニメ,654,621,651,621/651,
クラシック,655,621,651,621/651,
K-POP/アジア,656,621,651,621/651,
キッズ/ファミリー,657,621,651,621/651,
その他,658,621,651,621/651,
DVD/ブルーレイ,659,621,659,621,
外国映画,660,621,659,621/659,
日本映画,661,621,659,621/659,
アニメ,662,621,659,621/659,
TVドラマ,663,621,659,621/659,
ミュージック,664,621,659,621/659,
お笑い/バラエティ,665,621,659,621/659,
スポーツ/フィットネス,666,621,659,621/659,
キッズ/ファミリー,667,621,659,621/659,
その他,668,621,659,621/659,
レコード,669,621,669,621,
邦楽,670,621,669,621/669,
洋楽,671,621,669,621/669,
その他,672,621,669,621/669,
テレビゲーム,673,621,673,621,
家庭用ゲーム本体,674,621,673,621/673,
家庭用ゲームソフト,675,621,673,621/673,
携帯用ゲーム本体,676,621,673,621/673,
携帯用ゲームソフト,677,621,673,621/673,
PCゲーム,678,621,673,621/673,
その他,679,621,673,621/673,
おもちゃ・ホビー・グッズ,680,680,,,
おもちゃ,681,680,681,680,
キャラクターグッズ,682,680,681,680/681,
ぬいぐるみ,683,680,681,680/681,
小物/アクセサリー,684,680,681,680/681,
模型/プラモデル,685,680,681,680/681,
ミニカー,686,680,681,680/681,
トイラジコン,687,680,681,680/681,
プラモデル,688,680,681,680/681,
ホビーラジコン,689,680,681,680/681,
鉄道模型,690,680,681,680/681,
その他,691,680,681,680/681,
タレントグッズ,692,680,692,680,
アイドル,693,680,692,680/692,
ミュージシャン,694,680,692,680/692,
タレント/お笑い芸人,695,680,692,680/692,
スポーツ選手,696,680,692,680/692,
その他,697,680,692,680/692,
コミック/アニメグッズ,698,680,698,680,
ストラップ,699,680,698,680/698,
キーホルダー,700,680,698,680/698,
バッジ,701,680,698,680/698,
カード,702,680,698,680/698,
クリアファイル,703,680,698,680/698,
ポスター,704,680,698,680/698,
タオル,705,680,698,680/698,
その他,706,680,698,680/698,
トレーディングカード,707,680,707,680,
遊戯王,708,680,707,680/707,
マジック：ザ・ギャザリング,709,680,707,680/707,
ポケモンカードゲーム,710,680,707,680/707,
デュエルマスターズ,711,680,707,680/707,
バトルスピリッツ,712,680,707,680/707,
プリパラ,713,680,707,680/707,
アイカツ,714,680,707,680/707,
カードファイト!!ヴァンガード,715,680,707,680/707,
ヴァイスシュヴァルツ,716,680,707,680/707,
プロ野球オーナーズリーグ,717,680,707,680/707,
ベースボールヒーローズ,718,680,707,680/707,
ドラゴンボール,719,680,707,680/707,
スリーブ,720,680,707,680/707,
その他,721,680,707,680/707,
フィギュア,722,680,722,680,
コミック/アニメ,723,680,722,680/722,
特撮,724,680,722,680/722,
ゲームキャラクター,725,680,722,680/722,
SF/ファンタジー/ホラー,726,680,722,680/722,
アメコミ,727,680,722,680/722,
スポーツ,728,680,722,680/722,
ミリタリー,729,680,722,680/722,
その他,730,680,722,680/722,
楽器/器材,731,680,731,680,
エレキギター,732,680,731,680/731,
アコースティックギター,733,680,731,680/731,
ベース,734,680,731,680/731,
エフェクター,735,680,731,680/731,
アンプ,736,680,731,680/731,
弦楽器,737,680,731,680/731,
管楽器,738,680,731,680/731,
鍵盤楽器,739,680,731,680/731,
打楽器,740,680,731,680/731,
和楽器,741,680,731,680/731,
楽譜/スコア,742,680,731,680/731,
レコーディング/PA機器,743,680,731,680/731,
DJ機器,744,680,731,680/731,
DTM/DAW,745,680,731,680/731,
その他,746,680,731,680/731,
コレクション,747,680,747,680,
武具,748,680,747,680/747,
使用済切手/官製はがき,749,680,747,680/747,
旧貨幣/金貨/銀貨/記念硬貨,750,680,747,680/747,
印刷物,751,680,747,680/747,
ノベルティグッズ,752,680,747,680/747,
その他,753,680,747,680/747,
ミリタリー,754,680,754,680,
トイガン,755,680,754,680/754,
個人装備,756,680,754,680/754,
その他,757,680,754,680/754,
美術品,758,680,758,680,
陶芸,759,680,758,680/758,
ガラス,760,680,758,680/758,
漆芸,761,680,758,680/758,
金属工芸,762,680,758,680/758,
絵画/タペストリ,763,680,758,680/758,
版画,764,680,758,680/758,
彫刻/オブジェクト,765,680,758,680/758,
書,766,680,758,680/758,
写真,767,680,758,680/758,
その他,768,680,758,680/758,
アート用品,769,680,769,680,
画材,770,680,769,680/769,
額縁,771,680,769,680/769,
その他,772,680,769,680/769,
その他,773,680,773,680,
トランプ/UNO,774,680,773,680/773,
カルタ/百人一首,775,680,773,680/773,
ダーツ,776,680,773,680/773,
ビリヤード,777,680,773,680/773,
麻雀,778,680,773,680/773,
パズル/ジグソーパズル,779,680,773,680/773,
囲碁/将棋,780,680,773,680/773,
オセロ/チェス,781,680,773,680/773,
人生ゲーム,782,680,773,680/773,
野球/サッカーゲーム,783,680,773,680/773,
スポーツ,784,680,773,680/773,
三輪車/乗り物,785,680,773,680/773,
ヨーヨー,786,680,773,680/773,
模型製作用品,787,680,773,680/773,
鉄道,788,680,773,680/773,
航空機,789,680,773,680/773,
アマチュア無線,790,680,773,680/773,
パチンコ/パチスロ,791,680,773,680/773,
その他,792,680,773,680/773,
コスメ・香水・美容,793,793,,,
ベースメイク,794,793,794,793,
ファンデーション,795,793,794,793/794,
化粧下地,796,793,794,793/794,
コントロールカラー,797,793,794,793/794,
BBクリーム,798,793,794,793/794,
CCクリーム,799,793,794,793/794,
コンシーラー,800,793,794,793/794,
フェイスパウダー,801,793,794,793/794,
トライアルセット/サンプル,802,793,794,793/794,
その他,803,793,794,793/794,
メイクアップ,804,793,804,793,
アイシャドウ,805,793,804,793/804,
口紅,806,793,804,793/804,
リップグロス,807,793,804,793/804,
リップライナー,808,793,804,793/804,
チーク,809,793,804,793/804,
フェイスカラー,810,793,804,793/804,
マスカラ,811,793,804,793/804,
アイライナー,812,793,804,793/804,
つけまつげ,813,793,804,793/804,
アイブロウペンシル,814,793,804,793/804,
パウダーアイブロウ,815,793,804,793/804,
眉マスカラ,816,793,804,793/804,
トライアルセット/サンプル,817,793,804,793/804,
メイク道具/化粧小物,818,793,804,793/804,
美顔用品/美顔ローラー,819,793,804,793/804,
その他,820,793,804,793/804,
ネイルケア,821,793,821,793,
ネイルカラー,822,793,821,793/821,
カラージェル,823,793,821,793/821,
ネイルベースコート/トップコート,824,793,821,793/821,
ネイルアート用品,825,793,821,793/821,
ネイルパーツ,826,793,821,793/821,
ネイルチップ/付け爪,827,793,821,793/821,
手入れ用具,828,793,821,793/821,
除光液,829,793,821,793/821,
その他,830,793,821,793/821,
香水,831,793,831,793,
香水(女性用),832,793,831,793/831,
香水(男性用),833,793,831,793/831,
ユニセックス,834,793,831,793/831,
ボディミスト,835,793,831,793/831,
その他,836,793,831,793/831,
スキンケア/基礎化粧品,837,793,837,793,
化粧水/ローション,838,793,837,793/837,
乳液/ミルク,839,793,837,793/837,
美容液,840,793,837,793/837,
フェイスクリーム,841,793,837,793/837,
洗顔料,842,793,837,793/837,
クレンジング/メイク落とし,843,793,837,793/837,
パック/フェイスマスク,844,793,837,793/837,
ジェル/ゲル,845,793,837,793/837,
ブースター/導入液,846,793,837,793/837,
アイケア,847,793,837,793/837,
リップケア,848,793,837,793/837,
トライアルセット/サンプル,849,793,837,793/837,
洗顔グッズ,850,793,837,793/837,
その他,851,793,837,793/837,
ヘアケア,852,793,852,793,
シャンプー,853,793,852,793/852,
トリートメント,854,793,852,793/852,
コンディショナー,855,793,852,793/852,
リンス,856,793,852,793/852,
スタイリング剤,857,793,852,793/852,
カラーリング剤,858,793,852,793/852,
ブラシ,859,793,852,793/852,
その他,860,793,852,793/852,
ボディケア,861,793,861,793,
オイル/クリーム,862,793,861,793/861,
ハンドクリーム,863,793,861,793/861,
ローション,864,793,861,793/861,
日焼け止め/サンオイル,865,793,861,793/861,
ボディソープ,866,793,861,793/861,
入浴剤,867,793,861,793/861,
制汗/デオドラント,868,793,861,793/861,
フットケア,869,793,861,793/861,
その他,870,793,861,793/861,
オーラルケア,871,793,871,793,
口臭防止/エチケット用品,872,793,871,793/871,
歯ブラシ,873,793,871,793/871,
その他,874,793,871,793/871,
リラクゼーション,875,793,875,793,
エッセンシャルオイル,876,793,875,793/875,
芳香器,877,793,875,793/875,
お香/香炉,878,793,875,793/875,
キャンドル,879,793,875,793/875,
リラクゼーショングッズ,880,793,875,793/875,
その他,881,793,875,793/875,
ダイエット,882,793,882,793,
ダイエット食品,883,793,882,793/882,
エクササイズ用品,884,793,882,793/882,
体重計,885,793,882,793/882,
体脂肪計,886,793,882,793/882,
その他,887,793,882,793/882,
その他,888,793,888,793,
健康用品,889,793,888,793/888,
看護/介護用品,890,793,888,793/888,
救急/衛生用品,891,793,888,793/888,
その他,892,793,888,793/888,
家電・スマホ・カメラ,893,893,,,
スマートフォン/携帯電話,894,893,894,893,
スマートフォン本体,895,893,894,893/894,
バッテリー/充電器,896,893,894,893/894,
携帯電話本体,897,893,894,893/894,
PHS本体,898,893,894,893/894,
その他,899,893,894,893/894,
スマホアクセサリー,900,893,900,893,
Android用ケース,901,893,900,893/900,
iPhone用ケース,902,893,900,893/900,
カバー,903,893,900,893/900,
イヤホンジャック,904,893,900,893/900,
ストラップ,905,893,900,893/900,
フィルム,906,893,900,893/900,
自撮り棒,907,893,900,893/900,
その他,908,893,900,893/900,
PC/タブレット,909,893,909,893,
タブレット,910,893,909,893/909,
ノートPC,911,893,909,893/909,
デスクトップ型PC,912,893,909,893/909,
ディスプレイ,913,893,909,893/909,
電子ブックリーダー,914,893,909,893/909,
PC周辺機器,915,893,909,893/909,
PCパーツ,916,893,909,893/909,
その他,917,893,909,893/909,
カメラ,918,893,918,893,
デジタルカメラ,919,893,918,893/918,
ビデオカメラ,920,893,918,893/918,
レンズ(単焦点),921,893,918,893/918,
レンズ(ズーム),922,893,918,893/918,
フィルムカメラ,923,893,918,893/918,
防犯カメラ,924,893,918,893/918,
その他,925,893,918,893/918,
テレビ/映像機器,926,893,926,893,
テレビ,927,893,926,893/926,75
プロジェクター,928,893,926,893/926,
ブルーレイレコーダー,929,893,926,893/926,
DVDレコーダー,930,893,926,893/926,
ブルーレイプレーヤー,931,893,926,893/926,
DVDプレーヤー,932,893,926,893/926,
映像用ケーブル,933,893,926,893/926,
その他,934,893,926,893/926,
オーディオ機器,935,893,935,893,
ポータブルプレーヤー,936,893,935,893/935,
イヤフォン,937,893,935,893/935,
ヘッドフォン,938,893,935,893/935,
アンプ,939,893,935,893/935,
スピーカー,940,893,935,893/935,
ケーブル/シールド,941,893,935,893/935,
ラジオ,942,893,935,893/935,
その他,943,893,935,893/935,
美容/健康,944,893,944,893,
ヘアドライヤー,945,893,944,893/944,
ヘアアイロン,946,893,944,893/944,
美容機器,947,893,944,893/944,
電気シェーバー,948,893,944,893/944,
電動歯ブラシ,949,893,944,893/944,
その他,950,893,944,893/944,
冷暖房/空調,951,893,951,893,
エアコン,952,893,951,893/951,
空気清浄器,953,893,951,893/951,
加湿器,954,893,951,893/951,
扇風機,955,893,951,893/951,
除湿機,956,893,951,893/951,
ファンヒーター,957,893,951,893/951,
電気ヒーター,958,893,951,893/951,
オイルヒーター,959,893,951,893/951,
ストーブ,960,893,951,893/951,
ホットカーペット,961,893,951,893/951,
こたつ,962,893,951,893/951,
電気毛布,963,893,951,893/951,
その他,964,893,951,893/951,
生活家電,965,893,965,893,
冷蔵庫,966,893,965,893/965,
洗濯機,967,893,965,893/965,
炊飯器,968,893,965,893/965,
電子レンジ/オーブン,969,893,965,893/965,
調理機器,970,893,965,893/965,
アイロン,971,893,965,893/965,
掃除機,972,893,965,893/965,
エスプレッソマシン,973,893,965,893/965,
コーヒーメーカー,974,893,965,893/965,
衣類乾燥機,975,893,965,893/965,
その他,976,893,965,893/965,
その他,977,893,977,893,
その他,978,893,977,893/977,
スポーツ・レジャー,979,979,,,
ゴルフ,980,979,980,979,
クラブ,981,979,980,979/980,
ウエア(男性用),982,979,980,979/980,
ウエア(女性用),983,979,980,979/980,
バッグ,984,979,980,979/980,
シューズ(男性用),985,979,980,979/980,
シューズ(女性用),986,979,980,979/980,
アクセサリー,987,979,980,979/980,
その他,988,979,980,979/980,
フィッシング,989,979,989,979,
ロッド,990,979,989,979/989,
リール,991,979,989,979/989,
ルアー用品,992,979,989,979/989,
ウエア,993,979,989,979/989,
釣り糸/ライン,994,979,989,979/989,
その他,995,979,989,979/989,
自転車,996,979,996,979,
自転車本体,997,979,996,979/996,
ウエア,998,979,996,979/996,
パーツ,999,979,996,979/996,
アクセサリー,1000,979,996,979/996,
バッグ,1001,979,996,979/996,
工具/メンテナンス,1002,979,996,979/996,
その他,1003,979,996,979/996,
トレーニング/エクササイズ,1004,979,1004,979,
ランニング,1005,979,1004,979/1004,
ウォーキング,1006,979,1004,979/1004,
ヨガ,1007,979,1004,979/1004,
トレーニング用品,1008,979,1004,979/1004,
その他,1009,979,1004,979/1004,
野球,1010,979,1010,979,
ウェア,1011,979,1010,979/1010,
シューズ,1012,979,1010,979/1010,
グローブ,1013,979,1010,979/1010,
バット,1014,979,1010,979/1010,
アクセサリー,1015,979,1010,979/1010,
防具,1016,979,1010,979/1010,
練習機器,1017,979,1010,979/1010,
記念グッズ,1018,979,1010,979/1010,
応援グッズ,1019,979,1010,979/1010,
その他,1020,979,1010,979/1010,
サッカー/フットサル,1021,979,1021,979,
ウェア,1022,979,1021,979/1021,
シューズ,1023,979,1021,979/1021,
ボール,1024,979,1021,979/1021,
アクセサリー,1025,979,1021,979/1021,
記念グッズ,1026,979,1021,979/1021,
応援グッズ,1027,979,1021,979/1021,
その他,1028,979,1021,979/1021,
テニス,1029,979,1029,979,
ラケット(硬式用),1030,979,1029,979/1029,
ラケット(軟式用),1031,979,1029,979/1029,
ウェア,1032,979,1029,979/1029,
シューズ,1033,979,1029,979/1029,
ボール,1034,979,1029,979/1029,
アクセサリー,1035,979,1029,979/1029,
記念グッズ,1036,979,1029,979/1029,
応援グッズ,1037,979,1029,979/1029,
その他,1038,979,1029,979/1029,
スノーボード,1039,979,1039,979,
ボード,1040,979,1039,979/1039,137
バインディング,1041,979,1039,979/1039,
ブーツ(男性用),1042,979,1039,979/1039,12
ブーツ(女性用),1043,979,1039,979/1039,29
ブーツ(子ども用),1044,979,1039,979/1039,60
ウエア/装備(男性用),1045,979,1039,979/1039,1
ウエア/装備(女性用),1046,979,1039,979/1039,1
ウエア/装備(子ども用),1047,979,1039,979/1039,52
アクセサリー,1048,979,1039,979/1039,
バッグ,1049,979,1039,979/1039,
その他,1050,979,1039,979/1039,
スキー,1051,979,1051,979,
板,1052,979,1051,979/1051,129
ブーツ(男性用),1053,979,1051,979/1051,12
ブーツ(女性用),1054,979,1051,979/1051,29
ブーツ(子ども用),1055,979,1051,979/1051,60
ビンディング,1056,979,1051,979/1051,
ウエア(男性用),1057,979,1051,979/1051,1
ウエア(女性用),1058,979,1051,979/1051,1
ウエア(子ども用),1059,979,1051,979/1051,52
ストック,1060,979,1051,979/1051,
その他,1061,979,1051,979/1051,
その他スポーツ,1062,979,1062,979,
ダンス/バレエ,1063,979,1062,979/1062,
サーフィン,1064,979,1062,979/1062,
バスケットボール,1065,979,1062,979/1062,
バドミントン,1066,979,1062,979/1062,
バレーボール,1067,979,1062,979/1062,
スケートボード,1068,979,1062,979/1062,
陸上競技,1069,979,1062,979/1062,
ラグビー,1070,979,1062,979/1062,
アメリカンフットボール,1071,979,1062,979/1062,
ボクシング,1072,979,1062,979/1062,
ボウリング,1073,979,1062,979/1062,
その他,1074,979,1062,979/1062,
アウトドア,1075,979,1075,979,
テント/タープ,1076,979,1075,979/1075,
ライト/ランタン,1077,979,1075,979/1075,
寝袋/寝具,1078,979,1075,979/1075,
テーブル/チェア,1079,979,1075,979/1075,
ストーブ/コンロ,1080,979,1075,979/1075,
調理器具,1081,979,1075,979/1075,
食器,1082,979,1075,979/1075,
登山用品,1083,979,1075,979/1075,
その他,1084,979,1075,979/1075,
その他,1085,979,1085,979,
旅行用品,1086,979,1085,979/1085,
その他,1087,979,1085,979/1085,
ハンドメイド,1088,1088,,,
アクセサリー(女性用),1089,1088,1089,1088,
ピアス,1090,1088,1089,1088/1089,
イヤリング,1091,1088,1089,1088/1089,
ネックレス,1092,1088,1089,1088/1089,
ブレスレット,1093,1088,1089,1088/1089,
リング,1094,1088,1089,1088/1089,
チャーム,1095,1088,1089,1088/1089,
ヘアゴム,1096,1088,1089,1088/1089,
アンクレット,1097,1088,1089,1088/1089,
その他,1098,1088,1089,1088/1089,
ファッション/小物,1099,1088,1099,1088,
バッグ(女性用),1100,1088,1099,1088/1099,
バッグ(男性用),1101,1088,1099,1088/1099,
財布(女性用),1102,1088,1099,1088/1099,
財布(男性用),1103,1088,1099,1088/1099,
ファッション雑貨,1104,1088,1099,1088/1099,
その他,1105,1088,1099,1088/1099,
アクセサリー/時計,1106,1088,1106,1088,
アクセサリー(男性用),1107,1088,1106,1088/1106,
時計(女性用),1108,1088,1106,1088/1106,
時計(男性用),1109,1088,1106,1088/1106,
その他,1110,1088,1106,1088/1106,
日用品/インテリア,1111,1088,1111,1088,
キッチン用品,1112,1088,1111,1088/1111,
家具,1113,1088,1111,1088/1111,
文房具,1114,1088,1111,1088/1111,
アート/写真,1115,1088,1111,1088/1111,
アロマ/キャンドル,1116,1088,1111,1088/1111,
フラワー/ガーデン,1117,1088,1111,1088/1111,
その他,1118,1088,1111,1088/1111,
趣味/おもちゃ,1119,1088,1119,1088,
クラフト/布製品,1120,1088,1119,1088/1119,
おもちゃ/人形,1121,1088,1119,1088/1119,
その他,1122,1088,1119,1088/1119,
キッズ/ベビー,1123,1088,1123,1088,
ファッション雑貨,1124,1088,1123,1088/1123,
スタイ/よだれかけ,1125,1088,1123,1088/1123,
外出用品,1126,1088,1123,1088/1123,
ネームタグ,1127,1088,1123,1088/1123,
その他,1128,1088,1123,1088/1123,
素材/材料,1129,1088,1129,1088,
各種パーツ,1130,1088,1129,1088/1129,
生地/糸,1131,1088,1129,1088/1129,
型紙/パターン,1132,1088,1129,1088/1129,
その他,1133,1088,1129,1088/1129,
二次創作物,1134,1088,1134,1088,
Ingress,1135,1088,1134,1088/1134,
クリエイターズ宇宙兄弟,1136,1088,1134,1088/1134,
その他,1137,1088,1137,1088,
チケット,1138,1138,,,
音楽,1139,1138,1139,1138,
男性アイドル,1140,1138,1139,1138/1139,
女性アイドル,1141,1138,1139,1138/1139,
韓流,1142,1138,1139,1138/1139,
国内アーティスト,1143,1138,1139,1138/1139,
海外アーティスト,1144,1138,1139,1138/1139,
音楽フェス,1145,1138,1139,1138/1139,
声優/アニメ,1146,1138,1139,1138/1139,
その他,1147,1138,1139,1138/1139,
スポーツ,1148,1138,1148,1138,
サッカー,1149,1138,1148,1138/1148,
野球,1150,1138,1148,1138/1148,
テニス,1151,1138,1148,1138/1148,
格闘技/プロレス,1152,1138,1148,1138/1148,
相撲/武道,1153,1138,1148,1138/1148,
ゴルフ,1154,1138,1148,1138/1148,
バレーボール,1155,1138,1148,1138/1148,
バスケットボール,1156,1138,1148,1138/1148,
モータースポーツ,1157,1138,1148,1138/1148,
ウィンタースポーツ,1158,1138,1148,1138/1148,
その他,1159,1138,1148,1138/1148,
演劇/芸能,1160,1138,1160,1138,
ミュージカル,1161,1138,1160,1138/1160,
演劇,1162,1138,1160,1138/1160,
伝統芸能,1163,1138,1160,1138/1160,
落語,1164,1138,1160,1138/1160,
お笑い,1165,1138,1160,1138/1160,
オペラ,1166,1138,1160,1138/1160,
サーカス,1167,1138,1160,1138/1160,
バレエ,1168,1138,1160,1138/1160,
その他,1169,1138,1160,1138/1160,
イベント,1170,1138,1170,1138,
声優/アニメ,1171,1138,1170,1138/1170,
キッズ/ファミリー,1172,1138,1170,1138/1170,
トークショー/講演会,1173,1138,1170,1138/1170,
その他,1174,1138,1170,1138/1170,
映画,1175,1138,1175,1138,
邦画,1176,1138,1175,1138/1175,
洋画,1177,1138,1175,1138/1175,
その他,1178,1138,1175,1138/1175,
施設利用券,1179,1138,1179,1138,
遊園地/テーマパーク,1180,1138,1179,1138/1179,
美術館/博物館,1181,1138,1179,1138/1179,
スキー場,1182,1138,1179,1138/1179,
ゴルフ場,1183,1138,1179,1138/1179,
フィットネスクラブ,1184,1138,1179,1138/1179,
プール,1185,1138,1179,1138/1179,
ボウリング場,1186,1138,1179,1138/1179,
水族館,1187,1138,1179,1138/1179,
動物園,1188,1138,1179,1138/1179,
その他,1189,1138,1179,1138/1179,
優待券/割引券,1190,1138,1190,1138,
ショッピング,1191,1138,1190,1138/1190,
レストラン/食事券,1192,1138,1190,1138/1190,
フード/ドリンク券,1193,1138,1190,1138/1190,
宿泊券,1194,1138,1190,1138/1190,
その他,1195,1138,1190,1138/1190,
その他,1196,1138,1196,1138,
自動車・オートバイ,1197,1197,,,
自動車本体,1198,1197,1198,1197,
国内自動車本体,1199,1197,1198,1197/1198,
外国自動車本体,1200,1197,1198,1197/1198,
自動車タイヤ/ホイール,1201,1197,1201,1197,
タイヤ/ホイールセット,1202,1197,1201,1197/1201,115
タイヤ,1203,1197,1201,1197/1201,115
ホイール,1204,1197,1201,1197/1201,115
その他,1205,1197,1201,1197/1201,115
自動車パーツ,1206,1197,1206,1197,
サスペンション,1207,1197,1206,1197/1206,
ブレーキ,1208,1197,1206,1197/1206,
外装、エアロパーツ,1209,1197,1206,1197/1206,
ライト,1210,1197,1206,1197/1206,
内装品、シート,1211,1197,1206,1197/1206,
ステアリング,1212,1197,1206,1197/1206,
マフラー・排気系,1213,1197,1206,1197/1206,
エンジン、過給器、冷却装置,1214,1197,1206,1197/1206,
クラッチ、ミッション、駆動系,1215,1197,1206,1197/1206,
電装品,1216,1197,1206,1197/1206,
補強パーツ,1217,1197,1206,1197/1206,
汎用パーツ,1218,1197,1206,1197/1206,
外国自動車用パーツ,1219,1197,1206,1197/1206,
その他,1220,1197,1206,1197/1206,
自動車アクセサリー,1221,1197,1221,1197,
車内アクセサリー,1222,1197,1221,1197/1221,
カーナビ,1223,1197,1221,1197/1221,
カーオーディオ,1224,1197,1221,1197/1221,
車外アクセサリー,1225,1197,1221,1197/1221,
メンテナンス用品,1226,1197,1221,1197/1221,
チャイルドシート,1227,1197,1221,1197/1221,
ドライブレコーダー,1228,1197,1221,1197/1221,
レーダー探知機,1229,1197,1221,1197/1221,
カタログ/マニュアル,1230,1197,1221,1197/1221,
セキュリティ,1231,1197,1221,1197/1221,
ETC,1232,1197,1221,1197/1221,
その他,1233,1197,1221,1197/1221,
オートバイ車体,1234,1197,1234,1197,99
オートバイパーツ,1235,1197,1235,1197,
タイヤ,1236,1197,1235,1197/1235,
マフラー,1237,1197,1235,1197/1235,
エンジン、冷却装置,1238,1197,1235,1197/1235,
カウル、フェンダー、外装,1239,1197,1235,1197/1235,
サスペンション,1240,1197,1235,1197/1235,
ホイール,1241,1197,1235,1197/1235,
シート,1242,1197,1235,1197/1235,
ブレーキ,1243,1197,1235,1197/1235,
タンク,1244,1197,1235,1197/1235,
ライト、ウィンカー,1245,1197,1235,1197/1235,
チェーン、スプロケット、駆動系,1246,1197,1235,1197/1235,
メーター,1247,1197,1235,1197/1235,
電装系,1248,1197,1235,1197/1235,
ミラー,1249,1197,1235,1197/1235,
外国オートバイ用パーツ,1250,1197,1235,1197/1235,
その他,1251,1197,1235,1197/1235,
オートバイアクセサリー,1252,1197,1252,1197,
ヘルメット/シールド,1253,1197,1252,1197/1252,106
バイクウエア/装備,1254,1197,1252,1197/1252,
アクセサリー,1255,1197,1252,1197/1252,
メンテナンス,1256,1197,1252,1197/1252,
カタログ/マニュアル,1257,1197,1252,1197/1252,
その他,1258,1197,1252,1197/1252,
その他,1259,1259,,,
まとめ売り,1260,1259,1260,1259,
ペット用品,1261,1259,1261,1259,
ペットフード,1262,1259,1261,1259/1261,
犬用品,1263,1259,1261,1259/1261,
猫用品,1264,1259,1261,1259/1261,
魚用品/水草,1265,1259,1261,1259/1261,
小動物用品,1266,1259,1261,1259/1261,
爬虫類/両生類用品,1267,1259,1261,1259/1261,
かご/おり,1268,1259,1261,1259/1261,
鳥用品,1269,1259,1261,1259/1261,
虫類用品,1270,1259,1261,1259/1261,
その他,1271,1259,1261,1259/1261,
食品,1272,1259,1272,1259,
菓子,1273,1259,1272,1259/1272,
米,1274,1259,1272,1259/1272,
野菜,1275,1259,1272,1259/1272,
果物,1276,1259,1272,1259/1272,
調味料,1277,1259,1272,1259/1272,
魚介類(加工食品),1278,1259,1272,1259/1272,
肉類(加工食品),1279,1259,1272,1259/1272,
その他加工食品,1280,1259,1272,1259/1272,
その他,1281,1259,1272,1259/1272,
飲料/酒,1282,1259,1282,1259,
コーヒー,1283,1259,1282,1259/1282,
ソフトドリンク,1284,1259,1282,1259/1282,
ミネラルウォーター,1285,1259,1282,1259/1282,
茶,1286,1259,1282,1259/1282,
ウイスキー,1287,1259,1282,1259/1282,
ワイン,1288,1259,1282,1259/1282,
ブランデー,1289,1259,1282,1259/1282,
焼酎,1290,1259,1282,1259/1282,
日本酒,1291,1259,1282,1259/1282,
ビール、発泡酒,1292,1259,1282,1259/1282,
その他,1293,1259,1282,1259/1282,
日用品/生活雑貨/旅行,1294,1259,1294,1259,
タオル/バス用品,1295,1259,1294,1259/1294,
日用品/生活雑貨,1296,1259,1294,1259/1294,
洗剤/柔軟剤,1297,1259,1294,1259/1294,
旅行用品,1298,1259,1294,1259/1294,
防災関連グッズ,1299,1259,1294,1259/1294,
その他,1300,1259,1294,1259/1294,
アンティーク/コレクション,1301,1259,1301,1259,
雑貨,1302,1259,1301,1259/1301,
工芸品,1303,1259,1301,1259/1301,
家具,1304,1259,1301,1259/1301,
印刷物,1305,1259,1301,1259/1301,
その他,1306,1259,1301,1259/1301,
文房具/事務用品,1307,1259,1307,1259,
筆記具,1308,1259,1307,1259/1307,
ノート/メモ帳,1309,1259,1307,1259/1307,
テープ/マスキングテープ,1310,1259,1307,1259/1307,
カレンダー/スケジュール,1311,1259,1307,1259/1307,
アルバム/スクラップ,1312,1259,1307,1259/1307,
ファイル/バインダー,1313,1259,1307,1259/1307,
はさみ/カッター,1314,1259,1307,1259/1307,
カードホルダー/名刺管理,1315,1259,1307,1259/1307,
のり/ホッチキス,1316,1259,1307,1259/1307,
その他,1317,1259,1307,1259/1307,
事務/店舗用品,1318,1259,1318,1259,
オフィス用品一般,1319,1259,1318,1259/1318,
オフィス家具,1320,1259,1318,1259/1318,
店舗用品,1321,1259,1318,1259/1318,
OA機器,1322,1259,1318,1259/1318,
ラッピング/包装,1323,1259,1318,1259/1318,
その他,1324,1259,1318,1259/1318,
その他,1325,1259,1325,1259,